scripts/paper-trail/answers/2010/LC027ALP000EV.pdf.json	papers/lc/engineering/2010/answers/LC027ALP000EV.pdf.json
scripts/paper-trail/answers/2011/LC027ALP000EV.pdf.json	papers/lc/engineering/2011/answers/LC027ALP000EV.pdf.json
scripts/paper-trail/answers/2012/LC027ALP000EV.pdf.json	papers/lc/engineering/2012/answers/LC027ALP000EV.pdf.json
scripts/paper-trail/answers/2012/LC027GLP000EV.pdf.json	papers/lc/engineering/2012/answers/LC027GLP000EV.pdf.json
scripts/paper-trail/answers/2013/LC027ALP000EV.pdf.json	papers/lc/engineering/2013/answers/LC027ALP000EV.pdf.json
scripts/paper-trail/answers/2014/LC027ALP000EV.pdf.json	papers/lc/engineering/2014/answers/LC027ALP000EV.pdf.json
scripts/paper-trail/answers/2016/LC027ALP000EV.pdf.json	papers/lc/engineering/2016/answers/LC027ALP000EV.pdf.json
scripts/paper-trail/answers/2017/LC027ALP000EV.pdf.json	papers/lc/engineering/2017/answers/LC027ALP000EV.pdf.json
scripts/paper-trail/answers/2017/LC027GLP000EV.pdf.json	papers/lc/engineering/2017/answers/LC027GLP000EV.pdf.json
scripts/paper-trail/answers/2018/LC027ALP000EV.pdf.json	papers/lc/engineering/2018/answers/LC027ALP000EV.pdf.json
scripts/paper-trail/answers/2019/LC027ALP000EV.pdf.json	papers/lc/engineering/2019/answers/LC027ALP000EV.pdf.json
scripts/paper-trail/answers/2020/LC027ALP000EV.pdf.json	papers/lc/engineering/2020/answers/LC027ALP000EV.pdf.json
scripts/paper-trail/answers/2022/LC027GLP000EV.pdf.json	papers/lc/engineering/2022/answers/LC027GLP000EV.pdf.json
scripts/paper-trail/answers/2011/LC002ALP200EV.pdf.json	papers/lc/english/2011/answers/LC002ALP200EV.pdf.json
scripts/paper-trail/answers/2017/LC002ALP200EV.pdf.json	papers/lc/english/2017/answers/LC002ALP200EV.pdf.json
scripts/paper-trail/answers/2018/LC002ALP200EV.pdf.json	papers/lc/english/2018/answers/LC002ALP200EV.pdf.json
scripts/paper-trail/answers/2019/LC002ALP200EV.pdf.json	papers/lc/english/2019/answers/LC002ALP200EV.pdf.json
scripts/paper-trail/answers/2020/LC002ALP200EV.pdf.json	papers/lc/english/2020/answers/LC002ALP200EV.pdf.json
scripts/paper-trail/answers/2021/LC002ALP200EV.pdf.json	papers/lc/english/2021/answers/LC002ALP200EV.pdf.json
scripts/paper-trail/answers/2022/LC002ALP200EV.pdf.json	papers/lc/english/2022/answers/LC002ALP200EV.pdf.json
scripts/paper-trail/answers/2023/LC002ALP200EV.pdf.json	papers/lc/english/2023/answers/LC002ALP200EV.pdf.json
scripts/paper-trail/answers/2024/LC002ALP200EV.pdf.json	papers/lc/english/2024/answers/LC002ALP200EV.pdf.json
scripts/paper-trail/answers/2025/LC002ALP200EV.pdf.json	papers/lc/english/2025/answers/LC002ALP200EV.pdf.json
scripts/paper-trail/answers/2021/LC033ALP041EV.pdf.json	papers/lc/business/2021/answers/LC033ALP041EV.pdf.json
scripts/paper-trail/answers/2022/LC033ALP041EV.pdf.json	papers/lc/business/2022/answers/LC033ALP041EV.pdf.json
scripts/paper-trail/answers/2023/LC033ALP041EV.pdf.json	papers/lc/business/2023/answers/LC033ALP041EV.pdf.json
scripts/paper-trail/answers/2024/LC033ALP041EV.pdf.json	papers/lc/business/2024/answers/LC033ALP041EV.pdf.json
scripts/paper-trail/answers/2025/LC033ALP041EV.pdf.json	papers/lc/business/2025/answers/LC033ALP041EV.pdf.json
scripts/paper-trail/answers/2010/LC005ALP000EV.pdf.json	papers/lc/geography/2010/answers/LC005ALP000EV.pdf.json
scripts/paper-trail/answers/2010/LC005GLP000EV.pdf.json	papers/lc/geography/2010/answers/LC005GLP000EV.pdf.json
scripts/paper-trail/answers/2011/LC005ALP000EV.pdf.json	papers/lc/geography/2011/answers/LC005ALP000EV.pdf.json
scripts/paper-trail/answers/2011/LC005GLP000EV.pdf.json	papers/lc/geography/2011/answers/LC005GLP000EV.pdf.json
scripts/paper-trail/answers/2012/LC005ALP000EV.pdf.json	papers/lc/geography/2012/answers/LC005ALP000EV.pdf.json
scripts/paper-trail/answers/2012/LC005GLP000EV.pdf.json	papers/lc/geography/2012/answers/LC005GLP000EV.pdf.json
scripts/paper-trail/answers/2013/LC005ALP000EV.pdf.json	papers/lc/geography/2013/answers/LC005ALP000EV.pdf.json
scripts/paper-trail/answers/2013/LC005GLP000EV.pdf.json	papers/lc/geography/2013/answers/LC005GLP000EV.pdf.json
scripts/paper-trail/answers/2014/LC005ALP000EV.pdf.json	papers/lc/geography/2014/answers/LC005ALP000EV.pdf.json
scripts/paper-trail/answers/2014/LC005GLP000EV.pdf.json	papers/lc/geography/2014/answers/LC005GLP000EV.pdf.json
scripts/paper-trail/answers/2015/LC005ALP000EV.pdf.json	papers/lc/geography/2015/answers/LC005ALP000EV.pdf.json
scripts/paper-trail/answers/2015/LC005GLP000EV.pdf.json	papers/lc/geography/2015/answers/LC005GLP000EV.pdf.json
scripts/paper-trail/answers/2016/LC005ALP000EV.pdf.json	papers/lc/geography/2016/answers/LC005ALP000EV.pdf.json
scripts/paper-trail/answers/2016/LC005GLP000EV.pdf.json	papers/lc/geography/2016/answers/LC005GLP000EV.pdf.json
scripts/paper-trail/answers/2017/LC005ALP000EV.pdf.json	papers/lc/geography/2017/answers/LC005ALP000EV.pdf.json
scripts/paper-trail/answers/2017/LC005GLP000EV.pdf.json	papers/lc/geography/2017/answers/LC005GLP000EV.pdf.json
scripts/paper-trail/answers/2018/LC005ALP000EV.pdf.json	papers/lc/geography/2018/answers/LC005ALP000EV.pdf.json
scripts/paper-trail/answers/2018/LC005GLP000EV.pdf.json	papers/lc/geography/2018/answers/LC005GLP000EV.pdf.json
scripts/paper-trail/answers/2019/LC005ALP000EV.pdf.json	papers/lc/geography/2019/answers/LC005ALP000EV.pdf.json
scripts/paper-trail/answers/2019/LC005GLP000EV.pdf.json	papers/lc/geography/2019/answers/LC005GLP000EV.pdf.json
