scripts/paper-trail/answers/2011/LB066CLP000IV.pdf.json	papers/lca/lca-gaeilge-chumarsaideach/2011/answers/LB066CLP000IV.pdf.json
scripts/paper-trail/answers/2012/LB066CLP000IV.pdf.json	papers/lca/lca-gaeilge-chumarsaideach/2012/answers/LB066CLP000IV.pdf.json
scripts/paper-trail/answers/2013/LB066CLP000IV.pdf.json	papers/lca/lca-gaeilge-chumarsaideach/2013/answers/LB066CLP000IV.pdf.json
scripts/paper-trail/answers/2013/LC001GLP200IV.pdf.json	papers/lc/irish/2013/answers/LC001GLP200IV.pdf.json
scripts/paper-trail/answers/2014/LB066CLP000IV.pdf.json	papers/lca/lca-gaeilge-chumarsaideach/2014/answers/LB066CLP000IV.pdf.json
scripts/paper-trail/answers/2014/LC001GLP200IV.pdf.json	papers/lc/irish/2014/answers/LC001GLP200IV.pdf.json
scripts/paper-trail/answers/2015/LB066CLP000IV.pdf.json	papers/lca/lca-gaeilge-chumarsaideach/2015/answers/LB066CLP000IV.pdf.json
scripts/paper-trail/answers/2015/LC001ALP200IV.pdf.json	papers/lc/irish/2015/answers/LC001ALP200IV.pdf.json
scripts/paper-trail/answers/2015/LC001GLP200IV.pdf.json	papers/lc/irish/2015/answers/LC001GLP200IV.pdf.json
scripts/paper-trail/answers/2016/LB066CLP000IV.pdf.json	papers/lca/lca-gaeilge-chumarsaideach/2016/answers/LB066CLP000IV.pdf.json
scripts/paper-trail/answers/2016/LC001ALP200IV.pdf.json	papers/lc/irish/2016/answers/LC001ALP200IV.pdf.json
scripts/paper-trail/answers/2016/LC001GLP200IV.pdf.json	papers/lc/irish/2016/answers/LC001GLP200IV.pdf.json
scripts/paper-trail/answers/2017/LB066CLP000IV.pdf.json	papers/lca/lca-gaeilge-chumarsaideach/2017/answers/LB066CLP000IV.pdf.json
scripts/paper-trail/answers/2017/LC001ALP200IV.pdf.json	papers/lc/irish/2017/answers/LC001ALP200IV.pdf.json
scripts/paper-trail/answers/2017/LC001GLP200IV.pdf.json	papers/lc/irish/2017/answers/LC001GLP200IV.pdf.json
scripts/paper-trail/answers/2018/LB066CLP000IV.pdf.json	papers/lca/lca-gaeilge-chumarsaideach/2018/answers/LB066CLP000IV.pdf.json
scripts/paper-trail/answers/2018/LC001ALP200IV.pdf.json	papers/lc/irish/2018/answers/LC001ALP200IV.pdf.json
scripts/paper-trail/answers/2018/LC001GLP200IV.pdf.json	papers/lc/irish/2018/answers/LC001GLP200IV.pdf.json
scripts/paper-trail/answers/2019/LB066CLP000IV.pdf.json	papers/lca/lca-gaeilge-chumarsaideach/2019/answers/LB066CLP000IV.pdf.json
scripts/paper-trail/answers/2019/LC001ALP200IV.pdf.json	papers/lc/irish/2019/answers/LC001ALP200IV.pdf.json
scripts/paper-trail/answers/2019/LC001GLP200IV.pdf.json	papers/lc/irish/2019/answers/LC001GLP200IV.pdf.json
scripts/paper-trail/answers/2020/LC001ALP200IV.pdf.json	papers/lc/irish/2020/answers/LC001ALP200IV.pdf.json
scripts/paper-trail/answers/2020/LC001GLP200IV.pdf.json	papers/lc/irish/2020/answers/LC001GLP200IV.pdf.json
scripts/paper-trail/answers/2021/LB066CLP000IV.pdf.json	papers/lca/lca-gaeilge-chumarsaideach/2021/answers/LB066CLP000IV.pdf.json
scripts/paper-trail/answers/2021/LC001ALP200IV.pdf.json	papers/lc/irish/2021/answers/LC001ALP200IV.pdf.json
scripts/paper-trail/answers/2021/LC001GLP200IV.pdf.json	papers/lc/irish/2021/answers/LC001GLP200IV.pdf.json
scripts/paper-trail/answers/2022/JC001ALP000IV.pdf.json	papers/jc/jc-irish/2022/answers/JC001ALP000IV.pdf.json
scripts/paper-trail/answers/2022/JC001GLP000IV.pdf.json	papers/jc/jc-irish/2022/answers/JC001GLP000IV.pdf.json
scripts/paper-trail/answers/2022/LB066CLP000IV.pdf.json	papers/lca/lca-gaeilge-chumarsaideach/2022/answers/LB066CLP000IV.pdf.json
scripts/paper-trail/answers/2022/LC001ALP200IV.pdf.json	papers/lc/irish/2022/answers/LC001ALP200IV.pdf.json
scripts/paper-trail/answers/2022/LC001GLP200IV.pdf.json	papers/lc/irish/2022/answers/LC001GLP200IV.pdf.json
scripts/paper-trail/answers/2023/JC001ALP000IV.pdf.json	papers/jc/jc-irish/2023/answers/JC001ALP000IV.pdf.json
scripts/paper-trail/answers/2023/JC001GLP000IV.pdf.json	papers/jc/jc-irish/2023/answers/JC001GLP000IV.pdf.json
scripts/paper-trail/answers/2023/LB066CLP000IV.pdf.json	papers/lca/lca-gaeilge-chumarsaideach/2023/answers/LB066CLP000IV.pdf.json
scripts/paper-trail/answers/2023/LC001ALP200IV.pdf.json	papers/lc/irish/2023/answers/LC001ALP200IV.pdf.json
scripts/paper-trail/answers/2023/LC001GLP200IV.pdf.json	papers/lc/irish/2023/answers/LC001GLP200IV.pdf.json
scripts/paper-trail/answers/2024/JC001ALP000IV.pdf.json	papers/jc/jc-irish/2024/answers/JC001ALP000IV.pdf.json
scripts/paper-trail/answers/2024/JC001GLP000IV.pdf.json	papers/jc/jc-irish/2024/answers/JC001GLP000IV.pdf.json
scripts/paper-trail/answers/2024/LB066CLP000IV.pdf.json	papers/lca/lca-gaeilge-chumarsaideach/2024/answers/LB066CLP000IV.pdf.json
scripts/paper-trail/answers/2024/LC001ALP200IV.pdf.json	papers/lc/irish/2024/answers/LC001ALP200IV.pdf.json
scripts/paper-trail/answers/2024/LC001GLP200IV.pdf.json	papers/lc/irish/2024/answers/LC001GLP200IV.pdf.json
scripts/paper-trail/answers/2025/JC001ALP000IV.pdf.json	papers/jc/jc-irish/2025/answers/JC001ALP000IV.pdf.json
scripts/paper-trail/answers/2025/JC001GLP000IV.pdf.json	papers/jc/jc-irish/2025/answers/JC001GLP000IV.pdf.json
scripts/paper-trail/answers/2025/LB066CLP000IV.pdf.json	papers/lca/lca-gaeilge-chumarsaideach/2025/answers/LB066CLP000IV.pdf.json
scripts/paper-trail/answers/2025/LC001ALP200IV.pdf.json	papers/lc/irish/2025/answers/LC001ALP200IV.pdf.json
scripts/paper-trail/answers/2025/LC001GLP200IV.pdf.json	papers/lc/irish/2025/answers/LC001GLP200IV.pdf.json
